{"LDA": {"0": {"v_uncorrected": [-70.5998101615709, -26.898821262725395, 34.9350493958352], "theta_uncorrected": 24.816129163499113, "phi_uncorrected": -110.85704866164268, "v": [-70.5998101615709, -26.898821262725395, 32.770234389366685], "theta": 23.44891652262295, "phi": -110.85704866164268, "contact": -2.1648150064685177}, "2": {"v_uncorrected": [-62.14969193321546, 5.9425129324808905, 7.674645063065349], "theta_uncorrected": 7.007972707461832, "phi_uncorrected": -84.53820371728165, "v": [-62.14969193321546, 5.9425129324808905, -32.8112006660945], "theta": -27.723783341463786, "phi": -84.53820371728165, "contact": -40.48584572915985}, "4": {"v_uncorrected": [-71.57910401655734, 7.2984900440154306, 5.555499268944311], "theta_uncorrected": 4.415223310597497, "phi_uncorrected": -84.1780152614871, "v": [-71.57910401655734, 7.2984900440154306, -32.61794048039001], "theta": -24.386702265711293, "phi": -84.1780152614871, "contact": -38.17343974933432}, "6": {"v_uncorrected": [-76.26358665802464, 5.862903291434372, 9.251121097298322], "theta_uncorrected": 6.89629505167558, "phi_uncorrected": -85.60392844406827, "v": [-76.26358665802464, 5.862903291434372, -22.057529101964015], "theta": -16.086325035706906, "phi": -85.60392844406827, "contact": -31.308650199262335}}, "PBEsol": {"0": {"v_uncorrected": [-53.13738237109191, -9.320172530891634, 38.10137901808184], "theta_uncorrected": 35.23179807454827, "phi_uncorrected": -99.94835122408492, "v": [-53.13738237109191, -9.320172530891634, 48.10132897536894], "theta": 41.72066572630249, "phi": -99.94835122408492, "contact": 9.999949957287104}, "2": {"v_uncorrected": [-70.12615092185662, 2.3227595096040123, 15.351717913239863], "theta_uncorrected": 12.341588692867049, "phi_uncorrected": -88.10290914590503, "v": [-70.12615092185662, 2.3227595096040123, -23.04344565097428], "theta": -18.18120348167345, "phi": -88.10290914590503, "contact": -38.395163564214144}, "4": {"v_uncorrected": [-76.68970815425017, 0.9381097475369519, 17.67330637416615], "theta_uncorrected": 12.976427572048848, "phi_uncorrected": -89.29916217127881, "v": [-76.68970815425017, 0.9381097475369519, -14.85695444051299], "theta": -10.963189123126313, "phi": -89.29916217127881, "contact": -32.53026081467914}, "6": {"v_uncorrected": [-80.71635885340727, -1.5673162666992402, 20.937805587681087], "theta_uncorrected": 14.53937435174987, "phi_uncorrected": -91.11240552548219, "v": [-80.71635885340727, -1.5673162666992402, -4.686012636245465], "theta": -3.321969521301469, "phi": -91.11240552548219, "contact": -25.623818223926552}}, "SCAN": {"0": {"v_uncorrected": [-69.29172662944997, 1.9799989235311257, 15.405680108051424], "theta_uncorrected": 12.529779232868336, "phi_uncorrected": -88.36322854820867, "v": [-69.29172662944997, 1.9799989235311257, -29.140834819799036], "theta": -22.80097341650594, "phi": -88.36322854820867, "contact": -44.54651492785046}, "1": {"v_uncorrected": [-73.07667000227066, 0.7165160570315465, 17.42534409710606], "theta_uncorrected": 13.41126812350123, "phi_uncorrected": -89.43823342658413, "v": [-73.07667000227066, 0.7165160570315465, -24.5544535130923], "theta": -18.57200482787634, "phi": -89.43823342658413, "contact": -41.97979761019836}, "2": {"v_uncorrected": [-75.72953995827777, -0.07965511210261964, 17.468401658161646], "theta_uncorrected": 12.989117359841728, "phi_uncorrected": -90.06026578346481, "v": [-75.72953995827777, -0.07965511210261964, -21.606859469076312], "theta": -15.924294528910636, "phi": -90.06026578346481, "contact": -39.07526112723796}, "3": {"v_uncorrected": [-78.50846703523459, -2.109903253849536, 19.59783254454217], "theta_uncorrected": 14.01126756579093, "phi_uncorrected": -91.53944491051197, "v": [-78.50846703523459, -2.109903253849536, -15.930622202486177], "theta": -11.466458839196122, "phi": -91.53944491051197, "contact": -35.52845474702835}}}