{"LDA": {"0": {"v_uncorrected": [-68.84068163997507, -29.25065194166529, 35.678114027785305], "theta_uncorrected": 25.501010476512363, "phi_uncorrected": -113.0208124831321, "v": [-68.84068163997507, -29.25065194166529, 39.99286038003145], "theta": 28.132659158528575, "phi": -113.0208124831321, "contact": 4.314746352246145}, "2": {"v_uncorrected": [-62.52038428879307, 4.5757153700674245, 8.333605570802169], "theta_uncorrected": 7.572423710298835, "phi_uncorrected": -85.81412391483384, "v": [-62.52038428879307, 4.5757153700674245, -26.080496895128476], "theta": -22.589222443976993, "phi": -85.81412391483384, "contact": -34.41410246593065}, "4": {"v_uncorrected": [-72.35533751405592, 6.039054898393432, 6.0033871332962185], "theta_uncorrected": 4.726658086052481, "phi_uncorrected": -85.22893201713896, "v": [-72.35533751405592, 6.039054898393432, -25.263185848556255], "theta": -19.185064961484727, "phi": -85.22893201713896, "contact": -31.266572981852473}, "6": {"v_uncorrected": [-77.18164160373881, 4.824127993372624, 9.819078474891732], "theta_uncorrected": 7.2362725743175815, "phi_uncorrected": -86.42346198247327, "v": [-77.18164160373881, 4.824127993372624, -14.680336943093554], "theta": -10.74881943558698, "phi": -86.42346198247327, "contact": -24.499415417985286}}, "PBEsol": {"0": {"v_uncorrected": [-52.81254067206633, -11.084774121699143, 38.778621465532495], "theta_uncorrected": 35.701445130563414, "phi_uncorrected": -101.85369065680295, "v": [-52.81254067206633, -11.084774121699143, 55.430016999225266], "theta": 45.76816610416829, "phi": -101.85369065680295, "contact": 16.65139553369277}, "2": {"v_uncorrected": [-70.75434945187855, 0.7784572988459036, 17.314140284866102], "theta_uncorrected": 13.749704533634443, "phi_uncorrected": -89.36964273526812, "v": [-70.75434945187855, 0.7784572988459036, -15.509011043207007], "theta": -12.36270090347044, "phi": -89.36964273526812, "contact": -32.82315132807311}, "4": {"v_uncorrected": [-77.44496243666597, -0.47495287374438405, 19.918187757872097], "theta_uncorrected": 14.423128535063256, "phi_uncorrected": -90.35137797369907, "v": [-77.44496243666597, -0.47495287374438405, -8.186179485840007], "theta": -6.0338278013194895, "phi": -90.35137797369907, "contact": -28.104367243712105}, "6": {"v_uncorrected": [-81.47009048406761, -2.7815026264598828, 23.4679294218868], "theta_uncorrected": 16.06047631112287, "phi_uncorrected": -91.95539837686594, "v": [-81.47009048406761, -2.7815026264598828, 0.26953185377835], "theta": 0.1894436193609863, "phi": -91.95539837686594, "contact": -23.19839756810845}}, "SCAN": {"0": {"v_uncorrected": [-69.98087842861091, 0.4363953630783322, 16.880946277196923], "theta_uncorrected": 13.561677713072726, "phi_uncorrected": -89.64271256706805, "v": [-69.98087842861091, 0.4363953630783322, -18.360011022966713], "theta": -14.700393945550928, "phi": -89.64271256706805, "contact": -35.240957300163636}, "1": {"v_uncorrected": [-73.92976815338594, -0.7590297319909569, 19.18617945770292], "theta_uncorrected": 14.54766473846658, "phi_uncorrected": -90.58822952236508, "v": [-73.92976815338594, -0.7590297319909569, -14.421922751582386], "theta": -11.037835943674466, "phi": -90.58822952236508, "contact": -33.608102209285306}, "2": {"v_uncorrected": [-76.7549660035996, -1.5182175654499188, 19.198988333370462], "theta_uncorrected": 14.040804525001633, "phi_uncorrected": -91.13316598835281, "v": [-76.7549660035996, -1.5182175654499188, -11.403965030635053], "theta": -8.449340305486729, "phi": -91.13316598835281, "contact": -30.602953364005515}, "3": {"v_uncorrected": [-79.5283119401536, -3.476532918573521, 21.434852022532258], "theta_uncorrected": 15.070457903353557, "phi_uncorrected": -92.50305737554315, "v": [-79.5283119401536, -3.476532918573521, -6.4557781016860645], "theta": -4.636449061484939, "phi": -92.50305737554315, "contact": -27.890630124218323}}}