{"LDA": {"0": {"v_uncorrected": [-69.97842917523201, -28.017956375415125, 35.39604150490145], "theta_uncorrected": 25.15355772293175, "phi_uncorrected": -111.82017132515249, "v": [-69.97842917523201, -28.017956375415125, 35.08729433767209], "theta": 24.960973405130105, "phi": -111.82017132515249, "contact": -0.30874716722935397}, "2": {"v_uncorrected": [-62.36721533807915, 5.224386574462685, 7.958397763747035], "theta_uncorrected": 7.246844381822044, "phi_uncorrected": -85.21161755968883, "v": [-62.36721533807915, 5.224386574462685, -30.331525848426168], "theta": -25.856695975333793, "phi": -85.21161755968883, "contact": -38.289923612173205}, "4": {"v_uncorrected": [-72.01777451628075, 6.62002968494106, 5.77197927203824], "theta_uncorrected": 4.5631108034058485, "phi_uncorrected": -84.74800733046756, "v": [-72.01777451628075, 6.62002968494106, -29.780857609000936], "theta": -22.381122909346203, "phi": -84.74800733046756, "contact": -35.55283688103918}, "6": {"v_uncorrected": [-76.75642746613269, 5.319653391342137, 9.538180816275203], "theta_uncorrected": 7.066800416181849, "phi_uncorrected": -86.03541882906502, "v": [-76.75642746613269, 5.319653391342137, -18.91568497273515], "theta": -13.812130901471036, "phi": -86.03541882906502, "contact": -28.453865789010354}}, "PBEsol": {"0": {"v_uncorrected": [-53.363076455480176, -10.153974626984189, 38.398684032572135], "theta_uncorrected": 35.256134497079046, "phi_uncorrected": -100.77350033583005, "v": [-53.363076455480176, -10.153974626984189, 51.954721005061515], "theta": 43.72473527467847, "phi": -100.77350033583005, "contact": 13.556036972489379}, "2": {"v_uncorrected": [-70.64938169283609, 1.4562453113254545, 16.34521565120072], "theta_uncorrected": 13.023904264297798, "phi_uncorrected": -88.81917017809408, "v": [-70.64938169283609, 1.4562453113254545, -19.34029490330767], "theta": -15.306567091770262, "phi": -88.81917017809408, "contact": -35.68551055450839}, "4": {"v_uncorrected": [-77.2622863068056, 0.09874674525993228, 18.835720869688004], "theta_uncorrected": 13.70083318471481, "phi_uncorrected": -89.92677192283712, "v": [-77.2622863068056, 0.09874674525993228, -11.072940348386851], "theta": -8.155872352467256, "phi": -89.92677192283712, "contact": -29.908661218074855}, "6": {"v_uncorrected": [-81.35936802445482, -2.334619095928732, 22.236089228924307], "theta_uncorrected": 15.280038008576838, "phi_uncorrected": -91.64365982822942, "v": [-81.35936802445482, -2.334619095928732, -1.1823858016856903], "theta": -0.8322714499252584, "phi": -91.64365982822942, "contact": -23.418475030609997}}, "SCAN": {"0": {"v_uncorrected": [-69.79658414082071, 1.1202766677414853, 16.157868860015554], "theta_uncorrected": 13.032710609953881, "phi_uncorrected": -89.08044763802943, "v": [-69.79658414082071, 1.1202766677414853, -24.003224439154522], "theta": -18.975955838456372, "phi": -89.08044763802943, "contact": -40.161093299170076}, "1": {"v_uncorrected": [-73.70286077981127, -0.12025163244419673, 18.303751778372575], "theta_uncorrected": 13.946955181757374, "phi_uncorrected": -90.09348219094892, "v": [-73.70286077981127, -0.12025163244419673, -19.72587136014354], "theta": -14.983478312531773, "phi": -90.09348219094892, "contact": -38.029623138516115}, "2": {"v_uncorrected": [-76.43150986291266, -0.9160118518091365, 18.372118297382325], "theta_uncorrected": 13.515037274884648, "phi_uncorrected": -90.6866422054537, "v": [-76.43150986291266, -0.9160118518091365, -16.782043187236663], "theta": -12.383038011067057, "phi": -90.6866422054537, "contact": -35.15416148461899}, "3": {"v_uncorrected": [-79.25582914210074, -2.9571958838455132, 20.539863247614008], "theta_uncorrected": 14.51939764196662, "phi_uncorrected": -92.13683059558976, "v": [-79.25582914210074, -2.9571958838455132, -11.090760322508341], "theta": -7.960557422172187, "phi": -92.13683059558976, "contact": -31.63062357012235}}}